[
    {
        "name": "Caring Connections Counseling",
        "location": "Empathy Road, Compassionville",
        "services": ["Individual Therapy", "Stress Management Workshops", "Mindfulness Meditation"],
        "contact": "777-888-6666",
        "website": "https://www.caringconnectionscounseling.org",
        "rating": 4.8,
        "reviews": 83
    },
    {
        "name": "Harmony Haven Healing Center",
        "location": "Tranquil Trail, Harmony Hills",
        "services": ["Holistic Healing Sessions", "Anger Management Classes", "Grief Counseling"],
        "contact": "888-555-7777",
        "website": "https://www.harmonyhavenhealingcenter.org",
        "rating": 4.6,
        "reviews": 62
    },
    {
        "name": "Mindful Moments Therapies",
        "location": "Serenity Lane, Mindfulness Meadows",
        "services": ["Mental Health Assessments", "Child and Adolescent Counseling", "Art and Expressive Therapies"],
        "contact": "999-777-2222",
        "website": "https://www.mindfulmomentstherapies.org",
        "rating": 4.7,
        "reviews": 74
    },
    {
        "name": "Healing Hands Wellness Center",
        "location": "Well-Being Way, Healingville",
        "services": ["Trauma Recovery Programs", "Addiction Support Groups", "Yoga and Relaxation Classes"],
        "contact": "777-333-9999",
        "website": "https://www.healinghandswellnesscenter.org",
        "rating": 4.5,
        "reviews": 58
    },
    {
        "name": "Inner Peace Institute",
        "location": "Zen Road, Calmville",
        "services": ["Meditation Retreats", "Eating Disorder Counseling", "Crisis Intervention Hotline"],
        "contact": "888-999-2222",
        "website": "https://www.innerpeaceinstitute.org",
        "rating": 4.9,
        "reviews": 96
    },
    {
        "name": "Tranquility Therapy Center",
        "location": "Harmony Street, Zenland",
        "services": ["Couples and Relationship Counseling", "Group Therapy Sessions", "Life Coaching"],
        "contact": "999-111-3333",
        "website": "https://www.tranquilitytherapycenter.org",
        "rating": 4.8,
        "reviews": 79
    },
    {
        "name": "Hope Springs Wellness",
        "location": "Resilience Road, Hopeville",
        "services": ["Anger Management Programs", "Stress Reduction Workshops", "Emotion Regulation Therapy"],
        "contact": "777-666-2222",
        "website": "https://www.hopespringswellness.org",
        "rating": 4.6,
        "reviews": 66
    },
    {
        "name": "Counseling for Change",
        "location": "Progress Street, Transformation Town",
        "services": ["Behavioral Therapy for Children", "Substance Abuse Counseling", "Positive Parenting Classes"],
        "contact": "888-777-5555",
        "website": "https://www.counselingforchange.org",
        "rating": 4.7,
        "reviews": 72
    },
    {
        "name": "Zen Mind Wellness",
        "location": "Mental Clarity Lane, Zenland",
        "services": ["Mindfulness Workshops", "Anxiety and Depression Counseling", "Mind-Body Healing Practices"],
        "contact": "999-444-7777",
        "website": "https://www.zenmindwellness.org",
        "rating": 4.8,
        "reviews": 88
    },
    {
        "name": "Center for Emotional Healing",
        "location": "Soulful Street, Heartland",
        "services": ["Emotion-Focused Therapy", "Trauma Healing Programs", "Couples Retreats"],
        "contact": "777-555-9999",
        "website": "https://www.centerforemotionalhealing.org",
        "rating": 4.7,
        "reviews": 75
    },
    {
        "name": "Mindful Choices Counseling",
        "location": "Wellness Way, Mindfulville",
        "services": ["Addiction Recovery Programs", "Mindful Parenting Workshops", "Body Image Counseling"],
        "contact": "888-222-6666",
        "website": "https://www.mindfulchoicescounseling.org",
        "rating": 4.6,
        "reviews": 63
    },
    {
        "name": "Harbor of Hope Therapy",
        "location": "Harmony Harbor, Peaceville",
        "services": ["Trauma-Informed Care", "Self-Care Workshops", "Recovery Support Groups"],
        "contact": "999-777-5555",
        "website": "https://www.harborofhopetherapy.org",
        "rating": 4.5,
        "reviews": 57
    },
    {
        "name": "Path to Healing Counseling",
        "location": "Recovery Road, Resilience Town",
        "services": ["Child and Adolescent Therapy", "Grief Support Groups", "Life Transitions Counseling"],
        "contact": "777-333-8888",
        "website": "https://www.pathtohealingcounseling.org",
        "rating": 4.7,
        "reviews": 70
    },
    {
        "name": "Hopeful Horizons Center",
        "location": "Happiness Highway, Hopeville",
        "services": ["Positive Psychology Workshops", "Relationship Counseling", "Personal Growth Coaching"],
        "contact": "888-555-9999",
        "website": "https://www.hopefulhorizonscenter.org",
        "rating": 4.8,
        "reviews": 81
    },
    {
        "name": "Mental Wellness Hub",
        "location": "Counseling Court, Wellnessville",
        "services": ["Crisis Intervention Services", "Mental Health Assessments", "Healing Art Therapy"],
        "contact": "999-666-7777",
        "website": "https://www.mentalwellnesshub.org",
        "rating": 4.7,
        "reviews": 73
    },
    {
        "name": "Peaceful Minds Institute",
        "location": "Serenity Square, Harmony Hills",
        "services": ["Meditation Retreats", "Personal Growth Workshops", "Stress Reduction Techniques"],
        "contact": "777-111-6666",
        "website": "https://www.peacefulmindsinstitute.org",
        "rating": 4.9,
        "reviews": 97
    },
    {
        "name": "Tranquility Therapies",
        "location": "Tranquil Trail, Calmville",
        "services": ["Mindfulness Meditation Classes", "Art and Creative Expression Therapy", "Couples Retreats"],
        "contact": "888-666-2222",
        "website": "https://www.tranquilitytherapies.org",
        "rating": 4.8,
        "reviews": 82
    },
    {
        "name": "Healing Hearts Wellness Center",
        "location": "Empathy Lane, Healingville",
        "services": ["Trauma-Informed Care", "Positive Psychology Workshops", "Couples Counseling"],
        "contact": "999-222-5555",
        "website": "https://www.healingheartswellnesscenter.org",
        "rating": 4.6,
        "reviews": 67
    },
    {
        "name": "Mindful Living Therapy",
        "location": "Mindful Avenue, Zenland",
        "services": ["Mind-Body Healing Practices", "Holistic Wellness Programs", "Mindful Parenting Workshops"],
        "contact": "777-666-3333",
        "website": "https://www.mindfullivingtherapy.org",
        "rating": 4.7,
        "reviews": 76
    },
    {
        "name": "Center for Emotional Wellness",
        "location": "Soulful Street, Harmony Haven",
        "services": ["Art and Expressive Therapies", "Substance Abuse Counseling", "Crisis Intervention Hotline"],
        "contact": "888-777-4444",
        "website": "https://www.centerforemotionalwellness.org",
        "rating": 4.5,
        "reviews": 59
    },
    {
        "name": "Harbor of Hope Healing Center",
        "location": "Hopeful Harbor, Tranquilville",
        "services": ["Relationship Counseling", "Positive Parenting Classes", "Grief Support Groups"],
        "contact": "999-555-8888",
        "website": "https://www.harborofhopehealingcenter.org",
        "rating": 4.6,
        "reviews": 65
    },
    {
        "name": "Path to Serenity Counseling",
        "location": "Serenity Street, Peaceville",
        "services": ["Emotion Regulation Therapy", "Self-Care Workshops", "Mental Health Assessments"],
        "contact": "777-333-7777",
        "website": "https://www.pathtoserenitycounseling.org",
        "rating": 4.8,
        "reviews": 80
    },
    {
        "name": "Hopeful Horizons Healing Center",
        "location": "Happiness Highway, Harmony Hills",
        "services": ["Behavioral Therapy for Children", "Art Therapy", "Trauma Recovery Programs"],
        "contact": "888-555-6666",
        "website": "https://www.hopefulhorizonshealingcenter.org",
        "rating": 4.7,
        "reviews": 69
    },
    {
        "name": "Mental Wellness Institute",
        "location": "Counseling Court, Wellnessville",
        "services": ["Mental Health Assessments", "Anxiety Management Workshops", "Crisis Intervention Services"],
        "contact": "999-666-5555",
        "website": "https://www.mentalwellnessinstitute.org",
        "rating": 4.5,
        "reviews": 64
    },
    {
        "name": "Serenity Springs Therapy",
        "location": "Serenity Lane, Tranquilville",
        "services": ["Stress Management Classes", "Couples Counseling", "Grief Support Groups"],
        "contact": "777-888-7777",
        "website": "https://www.serenityspringstherapy.org",
        "rating": 4.6,
        "reviews": 61
    },
    {
        "name": "Tranquil Minds Center",
        "location": "Peaceful Place, Zenland",
        "services": ["Career Counseling", "Mind-Body Healing Practices", "Trauma Recovery Programs"],
        "contact": "888-555-9999",
        "website": "https://www.tranquilmindscenter.org",
        "rating": 4.5,
        "reviews": 60
    },
    {
        "name": "Hearts and Minds Wellness",
        "location": "Serenity Street, Hopeville",
        "services": ["Mental Health Workshops", "Emotion Regulation Therapy", "Positive Psychology Workshops"],
        "contact": "999-777-8888",
        "website": "https://www.heartsandmindswellness.org",
        "rating": 4.7,
        "reviews": 68
    },
    {
        "name": "Soulful Healing Center",
        "location": "Well-Being Way, Healingville",
        "services": ["Individual Therapy", "Crisis Intervention Hotline", "Art and Expressive Therapies"],
        "contact": "777-333-9999",
        "website": "https://www.soulfulhealingcenter.org",
        "rating": 4.5,
        "reviews": 58
    },
    {
        "name": "Inner Peace Hub",
        "location": "Zen Road, Calmville",
        "services": ["Holistic Healing Sessions", "Grief Counseling", "Couples Retreats"],
        "contact": "888-999-2222",
        "website": "https://www.innerpeacehub.org",
        "rating": 4.9,
        "reviews": 95
    }
]
